{"cameraMode":{"drawMode":0,"name":"Shaded","section":"Shading Mode"},"sceneLighting":false,"audioPlay":false,"sceneViewState":{"m_AlwaysRefresh":false,"showFog":true,"showSkybox":false,"showFlares":true,"showImageEffects":true,"showParticleSystems":true,"showVisualEffectGraphs":true,"m_FxEnabled":true},"in2DMode":false,"pivot":{"x":-0.3131999969482422,"y":0.15049490332603455,"z":6.591800212860107},"rotation":{"x":0.4556557238101959,"y":-0.20486046373844148,"z":0.1086122915148735,"w":0.8594325184822083},"size":0.34544074535369875,"orthographic":true}