{"cameraMode":{"drawMode":0,"name":"Shaded","section":"Shading Mode"},"sceneLighting":true,"audioPlay":false,"sceneViewState":{"m_AlwaysRefresh":false,"showFog":true,"showSkybox":true,"showFlares":true,"showImageEffects":true,"showParticleSystems":true,"showVisualEffectGraphs":true,"m_FxEnabled":true},"in2DMode":false,"pivot":{"x":2.8803915977478029,"y":0.9235779047012329,"z":5.995556354522705},"rotation":{"x":0.2332461029291153,"y":0.026251355186104776,"z":-0.00630083866417408,"w":0.9720495343208313},"size":1.033126950263977,"orthographic":true}