{"cameraMode":{"drawMode":0,"name":"Shaded","section":"Shading Mode"},"sceneLighting":true,"audioPlay":false,"sceneViewState":{"m_AlwaysRefresh":false,"showFog":true,"showSkybox":true,"showFlares":true,"showImageEffects":true,"showParticleSystems":true,"showVisualEffectGraphs":true,"m_FxEnabled":true},"in2DMode":false,"pivot":{"x":-0.6534280180931091,"y":0.15049490332603455,"z":6.316743850708008},"rotation":{"x":0.3341043293476105,"y":-0.08185814321041107,"z":0.02914053574204445,"w":0.9385247230529785},"size":0.8705947995185852,"orthographic":true}