{"cameraMode":{"drawMode":0,"name":"Shaded","section":"Shading Mode"},"sceneLighting":true,"audioPlay":false,"sceneViewState":{"m_AlwaysRefresh":false,"showFog":true,"showSkybox":true,"showFlares":true,"showImageEffects":true,"showParticleSystems":true,"showVisualEffectGraphs":true,"m_FxEnabled":true},"in2DMode":false,"pivot":{"x":6.458351135253906,"y":-16.178760528564454,"z":-40.339027404785159},"rotation":{"x":0.3643021285533905,"y":-0.1793695092201233,"z":0.07173217833042145,"w":0.9110384583473206},"size":136.70114135742188,"orthographic":true}