{"cameraMode":{"drawMode":0,"name":"Shaded","section":"Shading Mode"},"sceneLighting":true,"audioPlay":false,"sceneViewState":{"m_AlwaysRefresh":false,"showFog":true,"showSkybox":true,"showFlares":true,"showImageEffects":true,"showParticleSystems":true,"showVisualEffectGraphs":true,"m_FxEnabled":true},"in2DMode":false,"pivot":{"x":2.8803915977478029,"y":0.9235779047012329,"z":5.995556354522705},"rotation":{"x":0.7142063975334168,"y":0.061605941504240039,"z":-0.06337735056877136,"w":0.6943420171737671},"size":1.033126950263977,"orthographic":true}