{"cameraMode":{"drawMode":0,"name":"Shaded","section":"Shading Mode"},"sceneLighting":true,"audioPlay":false,"sceneViewState":{"m_AlwaysRefresh":false,"showFog":true,"showSkybox":true,"showFlares":true,"showImageEffects":true,"showParticleSystems":true,"showVisualEffectGraphs":true,"m_FxEnabled":true},"in2DMode":false,"pivot":{"x":-4.623687744140625,"y":0.23337945342063905,"z":7.754528045654297},"rotation":{"x":-0.16997317969799043,"y":-0.28968164324760439,"z":0.05234988406300545,"w":-0.9404677152633667},"size":1.0362741947174073,"orthographic":true}