{"cameraMode":{"drawMode":0,"name":"Shaded","section":"Shading Mode"},"sceneLighting":true,"audioPlay":false,"sceneViewState":{"m_AlwaysRefresh":false,"showFog":true,"showSkybox":true,"showFlares":true,"showImageEffects":true,"showParticleSystems":true,"showVisualEffectGraphs":true,"m_FxEnabled":true},"in2DMode":false,"pivot":{"x":2.492000102996826,"y":0.4399999976158142,"z":6.538000106811523},"rotation":{"x":-0.41774722933769228,"y":-0.33682674169540408,"z":0.17024986445903779,"w":-0.8264808654785156},"size":0.3464100658893585,"orthographic":true}