{"cameraMode":{"drawMode":0,"name":"Shaded","section":"Shading Mode"},"sceneLighting":true,"audioPlay":false,"sceneViewState":{"m_AlwaysRefresh":false,"showFog":true,"showSkybox":true,"showFlares":true,"showImageEffects":true,"showParticleSystems":true,"showVisualEffectGraphs":true,"m_FxEnabled":true},"in2DMode":false,"pivot":{"x":-3.2860326766967775,"y":-1.3285210132598878,"z":12.162101745605469},"rotation":{"x":0.35384413599967959,"y":0.3430435061454773,"z":-0.14134211838245393,"w":0.8585928678512573},"size":10.681112289428711,"orthographic":true}