{"cameraMode":{"drawMode":0,"name":"Shaded","section":"Shading Mode"},"sceneLighting":false,"audioPlay":false,"sceneViewState":{"m_AlwaysRefresh":false,"showFog":true,"showSkybox":false,"showFlares":true,"showImageEffects":true,"showParticleSystems":true,"showVisualEffectGraphs":true,"m_FxEnabled":true},"in2DMode":false,"pivot":{"x":2.492000102996826,"y":0.26899999380111697,"z":6.538000106811523},"rotation":{"x":-0.5615525245666504,"y":-0.19693505764007569,"z":0.13976126909255982,"w":-0.7914384007453919},"size":0.3464100658893585,"orthographic":true}