{"cameraMode":{"drawMode":0,"name":"Shaded","section":"Shading Mode"},"sceneLighting":false,"audioPlay":false,"sceneViewState":{"m_AlwaysRefresh":false,"showFog":true,"showSkybox":false,"showFlares":true,"showImageEffects":true,"showParticleSystems":true,"showVisualEffectGraphs":true,"m_FxEnabled":true},"in2DMode":false,"pivot":{"x":-0.3131999969482422,"y":0.15049490332603455,"z":6.591800212860107},"rotation":{"x":-0.6514608860015869,"y":-0.0011300771730020643,"z":0.0009746102150529623,"w":-0.7586943507194519},"size":0.6685255765914917,"orthographic":true}